timestamp,gym_count
2026-02-23 10:02,57
2026-02-23 10:29,55
2026-02-23 11:24,50
2026-02-23 12:01,53
2026-02-24 03:39,50
2026-02-24 05:23,26
2026-02-24 06:36,49
2026-02-24 07:54,68
2026-02-24 08:57,74
2026-02-24 10:02,59
2026-02-24 11:23,27
2026-02-24 12:03,41
2026-02-25 03:39,20
2026-02-25 05:25,20
2026-02-25 06:40,59
2026-02-25 07:56,59
2026-02-25 09:00,66
2026-02-25 10:29,48
2026-02-25 11:25,50
2026-02-25 12:02,65
2026-02-25 13:51,1
2026-02-26 03:35,45
2026-02-26 05:22,25
2026-02-26 06:34,52
2026-02-26 07:54,31
2026-02-26 08:57,42
2026-02-26 09:59,61
2026-02-26 11:00,30
2026-02-26 12:03,43
2026-03-01 03:43,14
2026-03-01 05:19,11
2026-03-01 06:08,23
2026-03-01 07:10,36
2026-03-01 07:52,38
2026-03-01 08:38,33
2026-03-01 09:36,36
2026-03-01 10:32,27
2026-03-01 11:26,21
2026-03-01 11:45,31
2026-03-02 03:33,44
2026-03-02 05:17,32
2026-03-02 06:12,40
2026-03-02 07:32,41
2026-03-02 08:54,77
2026-03-02 09:58,76
2026-03-02 10:56,55
2026-03-02 11:36,68
2026-03-03 03:35,43
2026-03-03 05:16,34
2026-03-03 06:09,38
2026-03-03 07:26,52
2026-03-03 08:03,67
2026-03-03 09:09,78
2026-03-03 10:07,66
2026-03-03 11:07,58
2026-03-03 11:55,67
2026-03-04 03:28,30
2026-03-04 04:56,27
2026-03-04 05:53,36
2026-03-04 06:58,34
2026-03-04 07:44,59
2026-03-04 08:49,58
2026-03-04 09:50,74
2026-03-04 10:44,50
2026-03-04 11:36,53
2026-03-05 03:31,34
2026-03-05 05:14,28
2026-03-05 06:08,41
2026-03-05 07:26,41
2026-03-05 08:02,50
2026-03-05 09:08,69
2026-03-05 10:09,57
2026-03-05 11:08,43
2026-03-05 11:57,62
2026-03-06 03:29,29
2026-03-06 04:58,29
2026-03-06 05:55,27
2026-03-06 07:01,49
2026-03-06 07:59,44
2026-03-06 08:53,79
2026-03-06 09:49,47
2026-03-06 10:43,42
2026-03-06 11:35,33
2026-03-07 03:20,11
2026-03-07 04:48,17
2026-03-07 05:41,22
2026-03-07 06:52,31
2026-03-07 07:34,32
2026-03-07 08:39,39
2026-03-07 09:36,40
2026-03-07 10:30,29
2026-03-07 11:26,28
2026-03-07 11:46,31
2026-03-08 03:32,27
2026-03-08 05:12,16
2026-03-08 06:04,12
2026-03-08 07:08,37
2026-03-08 07:51,44
2026-03-08 08:39,52
2026-03-08 09:36,43
2026-03-08 10:32,33
2026-03-08 11:27,40
2026-03-08 11:47,30
2026-03-09 03:36,34
2026-03-09 06:37,41
2026-03-09 07:53,54
2026-03-09 08:54,82
2026-03-09 10:00,65
2026-03-09 10:58,45
2026-03-09 11:41,50
2026-03-10 03:29,38
2026-03-10 04:57,30
2026-03-10 05:55,27
2026-03-10 07:00,27
2026-03-10 08:01,48
2026-03-10 09:09,70
2026-03-10 10:07,59
2026-03-10 11:08,50
2026-03-10 11:56,63
2026-03-11 03:28,25

2026-03-11 05:00,35
2026-03-11 05:59,36
2026-03-11 07:08,51
2026-03-11 08:02,54
2026-03-11 09:09,60
2026-03-11 10:08,63
2026-03-11 11:07,64
2026-03-11 11:56,70
2026-03-12 03:34,32
2026-03-12 05:18,41
2026-03-12 06:11,48
2026-03-12 07:29,64
2026-03-12 08:04,56
2026-03-12 09:10,62
2026-03-12 10:08,61
2026-03-12 11:08,46
2026-03-12 11:51,66
2026-03-13 03:31,36
2026-03-13 05:15,42
2026-03-13 06:09,39
2026-03-13 07:28,48
2026-03-13 08:03,49
2026-03-13 09:08,50
2026-03-13 10:04,46
2026-03-13 11:05,41
2026-03-13 11:55,43
2026-03-14 03:29,29
2026-03-14 05:00,24
2026-03-14 06:07,20
2026-03-14 07:13,31
2026-03-14 07:56,35
2026-03-14 08:48,36
2026-03-14 09:40,31
2026-03-14 10:35,32
2026-03-14 11:30,30
2026-03-15 03:52,15
2026-03-15 05:39,19
2026-03-15 07:07,41
2026-03-15 07:59,32
2026-03-15 08:51,35
2026-03-15 09:41,32
2026-03-15 10:38,38
2026-03-15 11:32,32
2026-03-16 03:57,24
2026-03-16 05:53,38
2026-03-16 07:27,56
2026-03-16 08:37,69
2026-03-16 10:10,62
2026-03-16 11:27,56
2026-03-16 12:06,69
2026-03-17 03:36,47
2026-03-17 05:23,36
2026-03-17 06:40,25
2026-03-17 07:57,59
2026-03-17 09:02,75
2026-03-17 10:26,56
2026-03-17 11:25,57
2026-03-17 12:04,68
2026-03-18 03:43,26
2026-03-18 05:37,46
2026-03-18 07:11,61
2026-03-18 08:06,63
2026-03-18 09:29,72
2026-03-18 10:31,46
2026-03-18 11:50,56
2026-03-19 03:42,32
2026-03-19 05:25,33
2026-03-19 06:35,57
2026-03-19 07:51,65
2026-03-19 08:53,66
2026-03-19 09:54,64
2026-03-19 10:50,43
2026-03-19 11:40,49
2026-03-20 03:32,30
2026-03-20 05:18,40
2026-03-20 06:12,33
2026-03-20 07:29,42
2026-03-20 08:04,46
2026-03-20 09:08,53
2026-03-20 10:06,48
2026-03-20 11:06,28
2026-03-20 11:55,47
2026-03-21 03:24,32
2026-03-21 04:53,24
2026-03-21 05:47,17
2026-03-21 06:54,28
2026-03-21 07:37,21
2026-03-21 08:41,39
2026-03-21 09:38,40
2026-03-21 10:34,26
2026-03-21 11:28,37
2026-03-21 11:50,40
2026-03-22 03:41,18
2026-03-22 05:21,12
2026-03-22 06:11,16
2026-03-22 07:23,29
2026-03-22 07:58,30
2026-03-22 08:49,31
2026-03-22 09:39,52
2026-03-22 10:35,43
2026-03-22 11:29,40
2026-03-22 11:51,40
2026-03-23 03:45,21
2026-03-23 05:42,41
2026-03-23 07:20,62
2026-03-23 08:31,76
2026-03-23 10:08,68
2026-03-23 11:25,60
2026-03-23 12:04,75
2026-03-24 03:37,51
2026-03-24 05:25,31
2026-03-24 06:40,37
2026-03-24 07:57,52
2026-03-24 09:03,65
2026-03-24 10:27,72
2026-03-24 11:26,58
2026-03-24 12:06,68
2026-03-24 13:57,4
2026-03-25 03:40,20
2026-03-25 05:25,44
2026-03-25 06:40,43
2026-03-25 07:57,64
2026-03-25 09:02,66
2026-03-25 10:27,44
2026-03-25 11:25,43
2026-03-25 12:04,55
2026-03-26 03:49,32
2026-03-26 05:44,55
2026-03-26 07:19,46
2026-03-26 08:11,66
2026-03-26 09:35,72
2026-03-26 10:59,44
2026-03-26 11:57,56
2026-03-27 03:51,18
2026-03-27 05:44,31
2026-03-27 07:17,38
2026-03-27 08:09,50
2026-03-27 09:29,61
2026-03-27 10:27,49
2026-03-27 11:25,38
2026-03-27 12:04,50
2026-03-28 03:39,36
2026-03-28 05:23,31
2026-03-28 06:34,20
2026-03-28 07:48,34
2026-03-28 08:50,47
2026-03-28 09:44,34
2026-03-28 10:38,39
2026-03-28 11:34,32
2026-03-29 03:56,16
2026-03-29 05:47,23
2026-03-29 07:13,38
2026-03-29 08:02,51
2026-03-29 09:07,35
2026-03-29 10:02,44
2026-03-29 11:01,28
2026-03-29 11:53,42
2026-03-30 04:10,35
2026-03-30 06:16,55
2026-03-30 08:09,59
2026-03-30 09:56,72
2026-03-30 11:11,36
2026-03-30 12:09,53
2026-03-31 03:52,36
2026-03-31 05:46,33
2026-03-31 07:26,59
2026-03-31 08:39,83
2026-03-31 10:09,56
2026-03-31 11:28,58
2026-03-31 12:10,70
2026-03-31 14:09,2
2026-04-01 04:14,33
2026-04-01 06:12,40
2026-04-01 08:02,45
2026-04-01 09:47,54
2026-04-01 11:04,41
2026-04-01 12:08,66
2026-04-02 03:46,26
2026-04-02 05:44,34
2026-04-02 07:22,25
2026-04-02 08:34,31
2026-04-02 10:06,32
2026-04-02 11:25,18
2026-04-02 12:08,38
2026-04-07 03:51,25
2026-04-07 05:49,23
2026-04-07 07:41,59
2026-04-07 09:12,66
2026-04-07 10:34,50
2026-04-07 11:56,78
2026-04-08 03:53,34
2026-04-08 05:50,57
2026-04-08 07:45,74
2026-04-08 09:11,68
2026-04-08 10:37,54
2026-04-08 11:57,64
2026-04-09 03:50,40
2026-04-09 05:51,41
2026-04-09 07:47,48
2026-04-09 09:17,77
2026-04-09 10:41,44
2026-04-09 11:57,67
2026-04-10 04:10,30
2026-04-10 06:17,46
2026-04-10 08:08,48
2026-04-10 09:47,64
2026-04-10 11:02,45
2026-04-10 12:07,77
2026-04-11 03:39,48
2026-04-11 05:27,27
2026-04-11 06:40,30
2026-04-11 07:54,28
2026-04-11 08:53,51
2026-04-11 09:50,48
2026-04-11 10:42,45
2026-04-11 11:37,47
2026-04-12 04:12,19
2026-04-12 06:10,33
2026-04-12 07:50,30
2026-04-12 08:57,32
2026-04-12 09:54,37
2026-04-12 10:47,36
2026-04-12 11:38,44
2026-04-13 04:23,42
2026-04-13 06:32,46
2026-04-13 09:04,65
2026-04-13 11:03,35
2026-04-13 12:42,43
2026-04-14 04:12,27
2026-04-14 06:17,51
2026-04-14 08:12,70
2026-04-14 09:56,54
2026-04-14 11:12,44
2026-04-14 12:40,33
2026-04-15 04:11,31
2026-04-15 06:17,60
2026-04-15 08:14,47
2026-04-15 09:58,67
2026-04-15 11:11,58
2026-04-15 12:11,52
2026-04-16 04:17,33
2026-04-16 06:20,65
2026-04-16 08:14,73
2026-04-16 09:57,71
2026-04-16 11:14,49
2026-04-16 12:44,30
2026-04-17 04:14,30
2026-04-17 06:20,37
2026-04-17 08:13,56
2026-04-17 09:56,40
2026-04-17 11:05,38
2026-04-17 12:10,55
2026-04-17 14:04,1
2026-04-18 03:50,27
2026-04-18 05:44,27
2026-04-18 07:18,41
2026-04-18 08:08,35
2026-04-18 09:26,39
2026-04-18 10:09,24
2026-04-18 11:09,28
2026-04-18 11:59,34
2026-04-19 04:16,27
2026-04-19 06:15,30
2026-04-19 07:53,38
2026-04-19 09:00,46
2026-04-19 10:08,43
2026-04-19 11:09,24
2026-04-19 11:59,40
2026-04-20 04:22,48
2026-04-20 06:32,45
2026-04-20 09:10,52
2026-04-20 11:04,36
2026-04-20 12:47,35
2026-04-21 04:14,34
2026-04-21 06:20,37
2026-04-21 08:18,69
2026-04-21 10:02,82
2026-04-21 11:40,61
2026-04-22 04:10,30
2026-04-22 06:20,50
2026-04-22 08:17,68
2026-04-22 10:03,67
2026-04-22 11:39,56
2026-04-23 04:15,42
2026-04-23 06:25,58
2026-04-23 08:21,73
2026-04-23 10:07,51
2026-04-23 11:41,44
2026-04-24 04:19,36
2026-04-24 06:26,45
2026-04-24 08:33,51
2026-04-24 10:26,44
2026-04-24 11:42,35
2026-04-24 13:52,1
2026-04-25 03:54,30
2026-04-25 05:51,27
2026-04-25 07:38,32
2026-04-25 09:01,56
2026-04-25 10:11,53
2026-04-25 11:21,31
2026-04-25 12:03,39
2026-04-26 04:25,20
2026-04-26 06:25,31
2026-04-26 08:04,41
2026-04-26 09:31,34
2026-04-26 10:52,49
2026-04-26 11:43,44
2026-04-27 04:33,40
2026-04-27 07:36,64
2026-04-27 10:23,51
2026-04-27 12:08,78
2026-04-28 04:37,50
2026-04-28 07:33,63
2026-04-28 10:21,72
2026-04-28 12:11,68
2026-04-29 04:32,38
2026-04-29 07:27,68
2026-04-29 09:35,63
2026-04-29 11:44,66
2026-04-30 04:35,56
2026-04-30 07:30,40
2026-04-30 10:11,55
2026-04-30 12:00,60
2026-05-11 05:00,48
2026-05-11 08:42,77
2026-05-11 12:16,62
2026-05-12 04:40,44
2026-05-12 07:47,66
2026-05-12 10:37,65
2026-05-13 04:52,34
2026-05-13 07:53,53
2026-05-13 10:35,44
2026-05-14 04:50,44
2026-05-14 07:47,56
2026-05-14 10:25,63
2026-05-14 12:11,75
2026-05-15 04:55,43
2026-05-15 10:34,32
2026-05-15 12:58,1
2026-05-16 04:32,19
2026-05-16 07:19,50
2026-05-16 09:12,54
2026-05-16 10:46,36
2026-05-16 11:56,21
2026-05-17 04:55,19
2026-05-17 07:36,32
2026-05-17 09:52,30
2026-05-17 11:14,25
2026-05-17 12:12,37
2026-05-18 05:10,31
2026-05-18 08:56,79
2026-05-18 12:42,33
2026-05-19 05:06,37
2026-05-19 08:43,84
2026-05-19 12:15,67
2026-05-20 05:09,39
2026-05-20 08:40,57
2026-05-20 11:52,46
2026-05-21 05:12,34
2026-05-21 08:45,48
2026-05-21 12:20,60
2026-05-22 05:06,42
2026-05-22 08:36,55
2026-05-22 11:49,41
2026-05-23 04:45,21
2026-05-23 07:34,17
2026-05-23 09:59,33
2026-05-23 11:21,27
2026-05-23 12:36,35
2026-05-24 05:05,18
2026-05-24 08:03,32
2026-05-24 10:19,49
2026-05-24 11:49,29
2026-05-25 05:24,36
2026-05-25 09:36,61
2026-05-26 05:07,31
2026-05-26 08:49,65
2026-05-27 05:21,36
2026-05-27 08:52,49
2026-05-28 05:13,43
2026-05-28 08:59,49
2026-05-28 12:40,41
2026-05-29 05:16,38
2026-05-29 08:56,52
2026-05-29 12:24,49
2026-05-29 16:24,2
2026-05-30 04:55,20
2026-05-30 07:43,35
2026-05-30 10:05,30
2026-05-30 11:54,54
2026-05-30 13:53,1
2026-05-31 05:22,17
2026-05-31 08:27,33
2026-05-31 10:32,49
2026-05-31 12:14,38
2026-06-01 06:08,43
2026-06-01 12:17,52
2026-06-02 05:53,37
2026-06-02 10:46,52
2026-06-03 06:07,45
2026-06-03 11:27,39
2026-06-04 06:00,35
2026-06-04 10:10,47
2026-06-05 05:23,28
2026-06-05 08:56,43
2026-06-05 12:16,31
2026-06-06 04:58,29
2026-06-06 07:52,34
2026-06-06 10:10,28
2026-06-06 11:55,33
2026-06-07 05:27,19
2026-06-07 08:36,33
2026-06-07 11:12,31
2026-06-08 05:57,23
2026-06-08 11:15,35
2026-06-09 05:11,18
2026-06-09 08:46,46
2026-06-09 12:09,35
2026-06-10 05:23,22
2026-06-10 09:04,50
2026-06-10 12:43,29
2026-06-11 05:56,37
2026-06-11 10:52,29
2026-06-12 05:53,18
2026-06-12 10:23,32
2026-06-13 05:24,19
2026-06-13 08:38,40
2026-06-13 11:20,25
2026-06-14 05:55,9
2026-06-14 09:49,26
2026-06-14 12:03,33
2026-06-15 06:30,25
2026-06-16 06:37,35
2026-06-16 12:14,48
2026-06-16 17:33,1
2026-06-17 06:20,17
2026-06-17 11:21,42
2026-06-18 06:00,27
2026-06-18 10:44,31
2026-06-18 14:14,1
2026-06-19 06:24,1
2026-06-19 11:05,1
2026-06-19 14:25,1
2026-06-20 05:20,1
2026-06-20 08:33,1
2026-06-20 11:21,1
2026-06-20 13:06,1
2026-06-21 06:08,1
2026-06-21 10:10,1
2026-06-21 12:25,1
2026-06-21 14:57,1
2026-06-22 06:33,15
2026-06-23 05:07,25
2026-06-23 08:43,53
2026-06-23 12:10,56
2026-06-24 05:05,21
2026-06-24 08:39,57
2026-06-24 11:49,53
2026-06-25 05:09,24
2026-06-25 08:35,39
2026-06-25 11:43,33
2026-06-30 05:09,33
2026-06-30 08:42,43
2026-06-30 11:47,52
2026-07-01 05:27,32
2026-07-01 08:59,39
2026-07-01 12:15,59
2026-07-01 15:20,1
2026-07-02 05:03,30
2026-07-02 08:29,46
2026-07-02 11:13,40
2026-07-02 13:18,1
2026-07-03 04:47,32
2026-07-03 08:13,46
2026-07-03 11:11,22
2026-07-04 04:39,7
2026-07-04 07:51,25
2026-07-04 10:17,22
2026-07-04 11:52,28
2026-07-05 05:00,26
2026-07-05 08:26,33
2026-07-05 10:40,19
2026-07-05 12:20,20
2026-07-05 14:17,1
2026-07-06 05:17,20
2026-07-06 09:36,47
2026-07-07 04:57,47
2026-07-07 08:32,60
2026-07-07 11:57,52
2026-07-07 14:56,2
2026-07-08 04:18,21
2026-07-08 07:04,21
2026-07-08 09:56,69
2026-07-08 11:51,40
2026-07-09 04:58,40
2026-07-09 08:35,41
2026-07-09 12:10,56
2026-07-12 04:28,7
2026-07-12 07:09,30
2026-07-12 09:27,32
2026-07-12 10:56,32
2026-07-12 12:03,18
2026-07-13 04:33,39
2026-07-13 08:20,43
2026-07-13 11:39,29
2026-07-13 14:48,1
2026-07-14 04:07,6
2026-07-14 06:35,24
2026-07-14 09:08,46
2026-07-14 11:08,37
2026-07-14 12:48,18
2026-07-15 04:09,11
2026-07-15 06:36,25
2026-07-15 09:12,50
2026-07-15 11:10,36
2026-07-15 12:53,2
2026-07-16 04:12,19
2026-07-16 07:01,22
2026-07-16 09:35,35
2026-07-16 11:44,53
2026-07-17 04:11,9
2026-07-17 06:40,18
